id,text_snippet,predicted_label_id,prediction_name
0,2069316...,1,Gastroenterology
1,6967959...,1,Gastroenterology
2,3492721...,1,Gastroenterology
3,8388738...,4,Dermatology
4,6234238...,7,Endocrinology
5,3874752...,12,Otolaryngology
6,13253027...,1,Gastroenterology
7,8512090...,12,Otolaryngology
8,3967251...,12,Otolaryngology
9,3262191...,14,Gynecology
10,1052303...,1,Gastroenterology
11,2419145...,12,Otolaryngology
12,12250182...,7,Endocrinology
13,15391307...,1,Gastroenterology
14,13339820...,7,Endocrinology
15,2731895...,12,Otolaryngology
16,13860058...,12,Otolaryngology
17,13962623...,7,Endocrinology
18,15000522...,1,Gastroenterology
19,6642105...,5,Orthopedics
20,7525370...,7,Endocrinology
21,6425169...,12,Otolaryngology
22,12171387...,1,Gastroenterology
23,7770253...,1,Gastroenterology
24,3245452...,12,Otolaryngology
25,11038275...,12,Otolaryngology
26,1081195...,7,Endocrinology
27,1049823...,1,Gastroenterology
28,4462378...,12,Otolaryngology
29,15725373...,7,Endocrinology
30,15538664...,5,Orthopedics
31,8921471...,12,Otolaryngology
32,7595636...,16,Rheumatology
33,16063470...,5,Orthopedics
34,7550821...,1,Gastroenterology
35,1877756...,5,Orthopedics
36,12164703...,1,Gastroenterology
37,5447636...,1,Gastroenterology
38,15995653...,5,Orthopedics
39,3357306...,12,Otolaryngology
40,8969613...,16,Rheumatology
41,3433289...,12,Otolaryngology
42,1673357...,1,Gastroenterology
43,11208971...,14,Gynecology
44,4246550...,12,Otolaryngology
45,6132333...,7,Endocrinology
46,3900234...,14,Gynecology
47,10383446...,7,Endocrinology
48,13395366...,16,Rheumatology
49,6588826...,1,Gastroenterology
50,6658395...,12,Otolaryngology
51,12479069...,1,Gastroenterology
52,13042040...,1,Gastroenterology
53,4859396...,1,Gastroenterology
54,310569...,12,Otolaryngology
55,10750471...,1,Gastroenterology
56,9651963...,1,Gastroenterology
57,4791363...,1,Gastroenterology
58,3268582...,1,Gastroenterology
59,2164214...,1,Gastroenterology
60,3106114...,1,Gastroenterology
61,3498940...,12,Otolaryngology
62,2624976...,1,Gastroenterology
63,13947286...,12,Otolaryngology
64,8941177...,12,Otolaryngology
65,5372006...,7,Endocrinology
66,12997615...,5,Orthopedics
67,7027201...,1,Gastroenterology
68,2776729...,1,Gastroenterology
69,8907055...,12,Otolaryngology
70,163259...,14,Gynecology
71,11661569...,7,Endocrinology
72,9247869...,1,Gastroenterology
73,11506154...,1,Gastroenterology
74,1632724...,1,Gastroenterology
75,13539380...,12,Otolaryngology
76,5312491...,1,Gastroenterology
77,4867137...,1,Gastroenterology
78,12221526...,1,Gastroenterology
79,7135742...,12,Otolaryngology
80,9904605...,4,Dermatology
81,3802358...,12,Otolaryngology
82,875554...,12,Otolaryngology
83,13704390...,12,Otolaryngology
84,4337701...,1,Gastroenterology
85,8466503...,14,Gynecology
86,990227...,1,Gastroenterology
87,9534982...,7,Endocrinology
88,15557858...,5,Orthopedics
89,14148854...,5,Orthopedics
90,6469947...,1,Gastroenterology
91,773019...,12,Otolaryngology
92,6112916...,1,Gastroenterology
93,15214364...,5,Orthopedics
94,5804201...,12,Otolaryngology
95,2572693...,5,Orthopedics
96,15796836...,1,Gastroenterology
97,15285106...,1,Gastroenterology
98,12045601...,12,Otolaryngology
99,3404820...,7,Endocrinology
100,15641244...,5,Orthopedics
101,1966671...,1,Gastroenterology
102,2149134...,1,Gastroenterology
103,3516356...,12,Otolaryngology
104,4815784...,1,Gastroenterology
105,16075286...,5,Orthopedics
106,14997539...,1,Gastroenterology
107,3089983...,1,Gastroenterology
108,10538271...,12,Otolaryngology
109,11832182...,7,Endocrinology
110,14922059...,1,Gastroenterology
111,15497705...,5,Orthopedics
112,1680265...,1,Gastroenterology
113,3659381...,14,Gynecology
114,6454388...,12,Otolaryngology
115,15354594...,7,Endocrinology
116,2526879...,12,Otolaryngology
117,3111267...,1,Gastroenterology
118,5877165...,12,Otolaryngology
119,7387879...,12,Otolaryngology
120,13007814...,1,Gastroenterology
121,5532108...,12,Otolaryngology
122,110378...,12,Otolaryngology
123,15632893...,1,Gastroenterology
124,12025435...,7,Endocrinology
125,15840766...,5,Orthopedics
126,9085505...,16,Rheumatology
127,8945983...,12,Otolaryngology
128,1352358...,12,Otolaryngology
129,2759442...,5,Orthopedics
130,4585677...,1,Gastroenterology
131,8952804...,5,Orthopedics
132,12840333...,1,Gastroenterology
133,5191104...,4,Dermatology
134,10881459...,1,Gastroenterology
135,13113055...,12,Otolaryngology
136,8552078...,12,Otolaryngology
137,7038711...,12,Otolaryngology
138,10920357...,7,Endocrinology
139,9955832...,5,Orthopedics
140,1238665...,1,Gastroenterology
141,412897...,1,Gastroenterology
142,3758901...,12,Otolaryngology
143,9583125...,1,Gastroenterology
144,5047880...,1,Gastroenterology
145,4455864...,1,Gastroenterology
146,325595...,1,Gastroenterology
147,4020060...,1,Gastroenterology
148,2244823...,1,Gastroenterology
149,2979531...,14,Gynecology
150,8188545...,12,Otolaryngology
151,11206122...,1,Gastroenterology
152,5227343...,7,Endocrinology
153,12270054...,1,Gastroenterology
154,3170450...,1,Gastroenterology
155,1902772...,7,Endocrinology
156,4091566...,12,Otolaryngology
157,1154333...,1,Gastroenterology
158,8696912...,16,Rheumatology
159,12067275...,7,Endocrinology
160,14595666...,12,Otolaryngology
161,10857248...,7,Endocrinology
162,6180737...,12,Otolaryngology
163,7532997...,12,Otolaryngology
164,7240668...,12,Otolaryngology
165,87801...,1,Gastroenterology
166,6041985...,12,Otolaryngology
167,13454637...,17,Immunology
168,7966672...,7,Endocrinology
169,636882...,1,Gastroenterology
170,7992315...,12,Otolaryngology
171,7254495...,5,Orthopedics
172,3702840...,1,Gastroenterology
173,8247914...,1,Gastroenterology
174,5559580...,12,Otolaryngology
175,7154511...,7,Endocrinology
176,6165188...,12,Otolaryngology
177,5845665...,12,Otolaryngology
178,11255634...,16,Rheumatology
179,12618930...,1,Gastroenterology
180,15306425...,1,Gastroenterology
181,14027950...,12,Otolaryngology
182,8123438...,12,Otolaryngology
183,13211469...,7,Endocrinology
184,2870789...,1,Gastroenterology
185,636229...,12,Otolaryngology
186,9235823...,1,Gastroenterology
187,14622522...,7,Endocrinology
188,6804616...,1,Gastroenterology
189,11762612...,7,Endocrinology
190,4105698...,12,Otolaryngology
191,3556032...,1,Gastroenterology
192,12364058...,1,Gastroenterology
193,9596115...,5,Orthopedics
194,14630175...,14,Gynecology
195,1092829...,1,Gastroenterology
196,13211881...,1,Gastroenterology
197,999781...,1,Gastroenterology
198,6280149...,12,Otolaryngology
199,5439113...,1,Gastroenterology
200,11789262...,7,Endocrinology
201,329240...,1,Gastroenterology
202,3730603...,1,Gastroenterology
203,242751...,1,Gastroenterology
204,11745002...,7,Endocrinology
205,3934260...,12,Otolaryngology
206,11360258...,12,Otolaryngology
207,8232542...,7,Endocrinology
208,9659488...,5,Orthopedics
209,9582753...,1,Gastroenterology
210,4906799...,12,Otolaryngology
211,13036683...,7,Endocrinology
212,9648795...,12,Otolaryngology
213,5046137...,1,Gastroenterology
214,7049136...,1,Gastroenterology
215,3427620...,7,Endocrinology
216,606192...,7,Endocrinology
217,3342267...,1,Gastroenterology
218,12396986...,1,Gastroenterology
219,7087977...,1,Gastroenterology
220,4565225...,12,Otolaryngology
221,5073563...,1,Gastroenterology
222,10593007...,12,Otolaryngology
223,14131211...,1,Gastroenterology
224,3897075...,1,Gastroenterology
225,5349906...,1,Gastroenterology
226,2921844...,1,Gastroenterology
227,10912565...,7,Endocrinology
228,13627735...,16,Rheumatology
229,7218659...,12,Otolaryngology
230,15736523...,5,Orthopedics
231,14264305...,12,Otolaryngology
232,10289571...,12,Otolaryngology
233,1133514...,1,Gastroenterology
234,12752843...,1,Gastroenterology
235,3004188...,1,Gastroenterology
236,2850014...,1,Gastroenterology
237,9010069...,7,Endocrinology
238,12645355...,5,Orthopedics
239,5154176...,7,Endocrinology
240,7811135...,12,Otolaryngology
241,4840761...,1,Gastroenterology
242,10608017...,12,Otolaryngology
243,7073506...,12,Otolaryngology
244,2957826...,1,Gastroenterology
245,13638893...,16,Rheumatology
246,84390...,14,Gynecology
247,3123046...,1,Gastroenterology
248,10911451...,7,Endocrinology
249,6160265...,12,Otolaryngology
250,4590197...,12,Otolaryngology
251,10499202...,7,Endocrinology
252,5776031...,12,Otolaryngology
253,2963628...,12,Otolaryngology
254,2732857...,12,Otolaryngology
255,975845...,1,Gastroenterology
256,8175430...,12,Otolaryngology
257,5904589...,12,Otolaryngology
258,429922...,1,Gastroenterology
259,1668924...,1,Gastroenterology
260,11442437...,1,Gastroenterology
261,9618341...,14,Gynecology
262,11100075...,8,Nephrology
263,2027129...,1,Gastroenterology
264,8743354...,5,Orthopedics
265,4422029...,1,Gastroenterology
266,10564543...,12,Otolaryngology
267,11568208...,7,Endocrinology
268,7186034...,5,Orthopedics
269,3219762...,1,Gastroenterology
270,13127177...,7,Endocrinology
271,8945688...,12,Otolaryngology
272,1469444...,1,Gastroenterology
273,9614639...,1,Gastroenterology
274,5468464...,5,Orthopedics
275,5816745...,12,Otolaryngology
276,7595906...,12,Otolaryngology
277,1872150...,1,Gastroenterology
278,214527...,1,Gastroenterology
279,1369202...,7,Endocrinology
280,2791775...,12,Otolaryngology
281,6590662...,12,Otolaryngology
282,5304624...,1,Gastroenterology
283,1114939...,1,Gastroenterology
284,3817726...,1,Gastroenterology
285,9112758...,12,Otolaryngology
286,6513592...,12,Otolaryngology
287,14770136...,1,Gastroenterology
288,1327032...,1,Gastroenterology
289,4402610...,12,Otolaryngology
290,3593005...,12,Otolaryngology
291,3526362...,1,Gastroenterology
292,11403423...,1,Gastroenterology
293,2751923...,5,Orthopedics
294,9206049...,1,Gastroenterology
295,10132512...,7,Endocrinology
296,15920393...,1,Gastroenterology
297,1414492...,1,Gastroenterology
298,5068195...,16,Rheumatology
299,15642885...,12,Otolaryngology
300,9751884...,5,Orthopedics
301,12702865...,12,Otolaryngology
302,3479299...,12,Otolaryngology
303,6144887...,1,Gastroenterology
304,1701360...,12,Otolaryngology
305,3447915...,12,Otolaryngology
306,4268440...,12,Otolaryngology
307,2492002...,7,Endocrinology
308,7827197...,1,Gastroenterology
309,15358107...,1,Gastroenterology
310,6811196...,1,Gastroenterology
311,9516349...,12,Otolaryngology
312,6622051...,5,Orthopedics
313,894598...,12,Otolaryngology
314,15527388...,5,Orthopedics
315,16101560...,12,Otolaryngology
316,8481444...,12,Otolaryngology
317,14530119...,7,Endocrinology
318,1495871...,1,Gastroenterology
319,12769909...,7,Endocrinology
320,2478174...,12,Otolaryngology
321,3896852...,1,Gastroenterology
322,8688938...,2,Cardiology
323,13180570...,12,Otolaryngology
324,3156929...,1,Gastroenterology
325,11753290...,1,Gastroenterology
326,6193910...,14,Gynecology
327,1559025...,1,Gastroenterology
328,13835653...,7,Endocrinology
329,6423905...,12,Otolaryngology
330,2454338...,1,Gastroenterology
331,106252...,1,Gastroenterology
332,41719...,1,Gastroenterology
333,12773719...,7,Endocrinology
334,9450352...,7,Endocrinology
335,1709087...,1,Gastroenterology
336,7043600...,12,Otolaryngology
337,913388...,12,Otolaryngology
338,108279...,7,Endocrinology
339,1532591...,1,Gastroenterology
340,11234139...,7,Endocrinology
341,9172371...,12,Otolaryngology
342,2635643...,12,Otolaryngology
343,5768634...,12,Otolaryngology
344,1086766...,5,Orthopedics
345,15476911...,1,Gastroenterology
346,9056623...,1,Gastroenterology
347,2290969...,12,Otolaryngology
348,2458941...,12,Otolaryngology
349,6165152...,7,Endocrinology
350,68296...,1,Gastroenterology
351,2146519...,1,Gastroenterology
352,4040674...,1,Gastroenterology
353,2074350...,12,Otolaryngology
354,308812...,1,Gastroenterology
355,9836015...,5,Orthopedics
356,1717693...,1,Gastroenterology
357,15861457...,1,Gastroenterology
358,13378938...,6,Oncology
359,2533836...,12,Otolaryngology
360,3691775...,1,Gastroenterology
361,649069...,12,Otolaryngology
362,1866265...,5,Orthopedics
363,6793240...,12,Otolaryngology
364,13285562...,7,Endocrinology
365,5927073...,12,Otolaryngology
366,6872255...,12,Otolaryngology
367,1681342...,1,Gastroenterology
368,3133983...,7,Endocrinology
369,4552086...,1,Gastroenterology
370,15834423...,1,Gastroenterology
371,3566258...,12,Otolaryngology
372,16081656...,12,Otolaryngology
373,15286577...,1,Gastroenterology
374,3081467...,1,Gastroenterology
375,3414863...,1,Gastroenterology
376,5914475...,12,Otolaryngology
377,1773876...,1,Gastroenterology
378,2257812...,12,Otolaryngology
379,2978425...,1,Gastroenterology
380,3384557...,12,Otolaryngology
381,15045642...,1,Gastroenterology
382,2010771...,1,Gastroenterology
383,715928...,12,Otolaryngology
384,10464108...,12,Otolaryngology
385,1910663...,7,Endocrinology
386,12259918...,1,Gastroenterology
387,5202636...,1,Gastroenterology
388,3438371...,12,Otolaryngology
389,6857271...,1,Gastroenterology
390,8200559...,12,Otolaryngology
391,6050552...,12,Otolaryngology
392,7676535...,1,Gastroenterology
393,10897576...,2,Cardiology
394,10010631...,7,Endocrinology
395,15314161...,1,Gastroenterology
396,2554179...,1,Gastroenterology
397,4446588...,1,Gastroenterology
398,15825387...,5,Orthopedics
399,5547244...,1,Gastroenterology
400,4823365...,7,Endocrinology
401,3967480...,12,Otolaryngology
402,13909705...,12,Otolaryngology
403,5182628...,12,Otolaryngology
404,1952909...,1,Gastroenterology
405,10535206...,7,Endocrinology
406,11028174...,7,Endocrinology
407,6643279...,12,Otolaryngology
408,8291368...,12,Otolaryngology
409,9257527...,1,Gastroenterology
410,15308850...,12,Otolaryngology
411,2301993...,7,Endocrinology
412,10124603...,7,Endocrinology
413,12241720...,7,Endocrinology
414,6411570...,12,Otolaryngology
415,14438695...,16,Rheumatology
416,7909787...,12,Otolaryngology
417,7572368...,12,Otolaryngology
418,1750605...,12,Otolaryngology
419,4540686...,1,Gastroenterology
420,9689080...,12,Otolaryngology
421,10876655...,5,Orthopedics
422,2526038...,12,Otolaryngology
423,10212861...,1,Gastroenterology
424,3234910...,1,Gastroenterology
425,7536209...,7,Endocrinology
426,1441675...,1,Gastroenterology
427,9639176...,12,Otolaryngology
428,13804126...,7,Endocrinology
429,7787833...,1,Gastroenterology
430,1940168...,1,Gastroenterology
431,4026595...,12,Otolaryngology
432,6457787...,12,Otolaryngology
433,6810834...,16,Rheumatology
434,8591262...,7,Endocrinology
435,5610291...,1,Gastroenterology
436,528341...,1,Gastroenterology
437,9140295...,12,Otolaryngology
438,9622303...,14,Gynecology
439,10880227...,5,Orthopedics
440,3548022...,1,Gastroenterology
441,9914343...,7,Endocrinology
442,13394462...,7,Endocrinology
443,1587629...,1,Gastroenterology
444,15207554...,4,Dermatology
445,11840586...,1,Gastroenterology
446,13993709...,7,Endocrinology
447,5980165...,12,Otolaryngology
448,2771863...,1,Gastroenterology
449,6994878...,5,Orthopedics
450,1509398...,7,Endocrinology
451,867104...,12,Otolaryngology
452,4399811...,1,Gastroenterology
453,4986305...,12,Otolaryngology
454,11011280...,1,Gastroenterology
455,12697281...,12,Otolaryngology
456,12579773...,1,Gastroenterology
457,347812...,1,Gastroenterology
458,15850317...,1,Gastroenterology
459,3403034...,16,Rheumatology
460,15713929...,1,Gastroenterology
461,4837328...,12,Otolaryngology
462,3075626...,12,Otolaryngology
463,8796308...,12,Otolaryngology
464,3610916...,1,Gastroenterology
465,12637314...,1,Gastroenterology
466,5213151...,1,Gastroenterology
467,8469782...,5,Orthopedics
468,3818783...,1,Gastroenterology
469,6091105...,12,Otolaryngology
470,6561282...,12,Otolaryngology
471,7997332...,12,Otolaryngology
472,2564691...,1,Gastroenterology
473,825029...,12,Otolaryngology
474,7768513...,1,Gastroenterology
475,15861862...,1,Gastroenterology
476,14763434...,1,Gastroenterology
477,7163722...,7,Endocrinology
478,9962873...,5,Orthopedics
479,14906777...,1,Gastroenterology
480,1581301...,1,Gastroenterology
481,8901949...,5,Orthopedics
482,758189...,12,Otolaryngology
483,15515809...,12,Otolaryngology
484,6167892...,1,Gastroenterology
485,4773055...,12,Otolaryngology
486,4286495...,5,Orthopedics
487,4166813...,1,Gastroenterology
488,5022878...,12,Otolaryngology
489,4160880...,12,Otolaryngology
490,5040827...,1,Gastroenterology
491,4592662...,1,Gastroenterology
492,15546761...,1,Gastroenterology
493,11048499...,1,Gastroenterology
494,3669470...,12,Otolaryngology
495,5801306...,12,Otolaryngology
496,12416435...,5,Orthopedics
497,15348885...,5,Orthopedics
498,9047909...,12,Otolaryngology
499,7317023...,1,Gastroenterology
500,8129174...,14,Gynecology
501,6988256...,12,Otolaryngology
502,13015978...,7,Endocrinology
503,7632244...,1,Gastroenterology
504,3608039...,12,Otolaryngology
505,15039988...,12,Otolaryngology
506,1515179...,12,Otolaryngology
507,14135163...,1,Gastroenterology
508,2096654...,12,Otolaryngology
509,6060392...,7,Endocrinology
510,14740080...,1,Gastroenterology
511,1760495...,12,Otolaryngology
512,1758932...,12,Otolaryngology
513,2899407...,1,Gastroenterology
514,10141608...,12,Otolaryngology
515,6598575...,1,Gastroenterology
516,14756863...,1,Gastroenterology
517,9299681...,14,Gynecology
518,13136948...,1,Gastroenterology
519,5001619...,1,Gastroenterology
520,10083319...,7,Endocrinology
521,4165831...,1,Gastroenterology
522,401513...,7,Endocrinology
523,2491808...,12,Otolaryngology
524,6725960...,12,Otolaryngology
525,9548928...,12,Otolaryngology
526,14863288...,12,Otolaryngology
527,5960441...,12,Otolaryngology
528,9320475...,12,Otolaryngology
529,2746386...,17,Immunology
530,10953455...,5,Orthopedics
531,577843...,1,Gastroenterology
532,5220246...,1,Gastroenterology
533,8016674...,9,Hepatology
534,5316288...,12,Otolaryngology
535,15251831...,1,Gastroenterology
536,1444952...,1,Gastroenterology
537,1374080...,12,Otolaryngology
538,1793439...,1,Gastroenterology
539,5978774...,1,Gastroenterology
540,12938834...,16,Rheumatology
541,2403566...,1,Gastroenterology
542,9408281...,12,Otolaryngology
543,4028590...,1,Gastroenterology
544,3018810...,12,Otolaryngology
545,3273743...,1,Gastroenterology
546,11199483...,9,Hepatology
547,5635609...,12,Otolaryngology
548,414151...,1,Gastroenterology
549,8471346...,1,Gastroenterology
550,10740665...,5,Orthopedics
551,4990321...,12,Otolaryngology
552,11643180...,1,Gastroenterology
553,6531012...,7,Endocrinology
554,199039...,1,Gastroenterology
555,4192360...,12,Otolaryngology
556,10568224...,5,Orthopedics
557,14102668...,7,Endocrinology
558,3130625...,7,Endocrinology
559,2308837...,12,Otolaryngology
560,10823180...,1,Gastroenterology
561,12977028...,12,Otolaryngology
562,14381957...,1,Gastroenterology
563,2499506...,12,Otolaryngology
564,2473269...,12,Otolaryngology
565,12213104...,1,Gastroenterology
566,4692310...,12,Otolaryngology
567,2147207...,7,Endocrinology
568,6867496...,1,Gastroenterology
569,13813332...,7,Endocrinology
570,5030882...,1,Gastroenterology
571,6885549...,12,Otolaryngology
572,2495918...,1,Gastroenterology
573,7809549...,12,Otolaryngology
574,4888250...,12,Otolaryngology
575,10749805...,5,Orthopedics
576,12525591...,1,Gastroenterology
577,10114808...,12,Otolaryngology
578,6012915...,12,Otolaryngology
579,13490996...,12,Otolaryngology
580,5029989...,12,Otolaryngology
581,8982310...,12,Otolaryngology
582,3989317...,1,Gastroenterology
583,1104534...,1,Gastroenterology
584,9781291...,7,Endocrinology
585,627400...,1,Gastroenterology
586,13548014...,5,Orthopedics
587,10311362...,7,Endocrinology
588,5790203...,7,Endocrinology
589,15039392...,1,Gastroenterology
590,31801...,1,Gastroenterology
591,14122172...,7,Endocrinology
592,6887436...,5,Orthopedics
593,4066848...,1,Gastroenterology
594,4712511...,1,Gastroenterology
595,4196831...,1,Gastroenterology
596,11884741...,1,Gastroenterology
597,5492663...,5,Orthopedics
598,12508295...,12,Otolaryngology
599,15143785...,1,Gastroenterology
600,9572698...,12,Otolaryngology
601,2651718...,12,Otolaryngology
602,14070836...,12,Otolaryngology
603,8790375...,12,Otolaryngology
604,10382074...,7,Endocrinology
605,12167916...,1,Gastroenterology
606,13886073...,1,Gastroenterology
607,15570636...,1,Gastroenterology
608,6422861...,1,Gastroenterology
609,4546763...,1,Gastroenterology
610,3031051...,1,Gastroenterology
611,4334582...,1,Gastroenterology
612,15662382...,1,Gastroenterology
613,2184030...,16,Rheumatology
614,3398563...,1,Gastroenterology
615,5093721...,1,Gastroenterology
616,14108020...,1,Gastroenterology
617,372982...,1,Gastroenterology
618,12789309...,12,Otolaryngology
619,732316...,1,Gastroenterology
620,15462610...,7,Endocrinology
621,137585...,12,Otolaryngology
622,3127736...,12,Otolaryngology
623,16090215...,14,Gynecology
624,3450519...,12,Otolaryngology
625,11593895...,5,Orthopedics
626,479982...,1,Gastroenterology
627,4510657...,12,Otolaryngology
628,3271112...,1,Gastroenterology
629,14946457...,1,Gastroenterology
630,5608933...,16,Rheumatology
631,948253...,1,Gastroenterology
632,535093...,1,Gastroenterology
633,4706416...,1,Gastroenterology
634,610426...,14,Gynecology
635,14367745...,12,Otolaryngology
636,4096952...,5,Orthopedics
637,9693671...,1,Gastroenterology
638,2166182...,1,Gastroenterology
639,13250523...,7,Endocrinology
640,8200433...,12,Otolaryngology
641,15380536...,1,Gastroenterology
642,7496594...,5,Orthopedics
643,6436192...,7,Endocrinology
644,12937287...,12,Otolaryngology
645,4884246...,1,Gastroenterology
646,3831568...,12,Otolaryngology
647,5573634...,12,Otolaryngology
648,7666296...,1,Gastroenterology
649,5362192...,1,Gastroenterology
650,12000252...,12,Otolaryngology
651,15608565...,1,Gastroenterology
652,5321373...,7,Endocrinology
653,7602443...,12,Otolaryngology
654,10265074...,5,Orthopedics
655,4259376...,1,Gastroenterology
656,5057141...,14,Gynecology
657,4367487...,1,Gastroenterology
658,13049413...,1,Gastroenterology
659,4639604...,1,Gastroenterology
660,2644866...,5,Orthopedics
661,3887625...,1,Gastroenterology
662,3989997...,1,Gastroenterology
663,11374890...,1,Gastroenterology
664,8580955...,12,Otolaryngology
665,14341768...,12,Otolaryngology
666,2159302...,1,Gastroenterology
667,14186781...,12,Otolaryngology
668,15603445...,12,Otolaryngology
669,253133...,1,Gastroenterology
670,8369427...,1,Gastroenterology
671,583518...,12,Otolaryngology
672,637165...,12,Otolaryngology
673,5814568...,12,Otolaryngology
674,1378931...,12,Otolaryngology
675,12388727...,1,Gastroenterology
676,2361219...,1,Gastroenterology
677,2557683...,1,Gastroenterology
678,15315519...,7,Endocrinology
679,13310026...,7,Endocrinology
680,5031044...,1,Gastroenterology
681,13707330...,7,Endocrinology
682,2433134...,14,Gynecology
683,5411451...,12,Otolaryngology
684,12131181...,1,Gastroenterology
685,14386693...,1,Gastroenterology
686,9844579...,7,Endocrinology
687,8084786...,4,Dermatology
688,5706966...,12,Otolaryngology
689,7692584...,5,Orthopedics
690,3628326...,1,Gastroenterology
691,9429100...,1,Gastroenterology
692,3212595...,12,Otolaryngology
693,1692523...,1,Gastroenterology
694,5315802...,1,Gastroenterology
695,1730965...,12,Otolaryngology
696,8661668...,7,Endocrinology
697,6891301...,1,Gastroenterology
698,4071661...,14,Gynecology
699,14679300...,14,Gynecology
700,9382560...,12,Otolaryngology
701,1372614...,7,Endocrinology
702,13625698...,12,Otolaryngology
703,8054685...,12,Otolaryngology
704,2214635...,1,Gastroenterology
705,6537075...,14,Gynecology
706,1475769...,12,Otolaryngology
707,12915698...,16,Rheumatology
708,1741425...,12,Otolaryngology
709,3983796...,12,Otolaryngology
710,25753...,1,Gastroenterology
711,7040284...,5,Orthopedics
712,2455629...,12,Otolaryngology
713,2902819...,12,Otolaryngology
714,2546075...,5,Orthopedics
715,6381385...,12,Otolaryngology
716,2971655...,12,Otolaryngology
717,9177589...,12,Otolaryngology
718,10605437...,7,Endocrinology
719,8518138...,12,Otolaryngology
720,10949906...,1,Gastroenterology
721,2141830...,1,Gastroenterology
722,13981851...,12,Otolaryngology
723,11235729...,1,Gastroenterology
724,10872946...,5,Orthopedics
725,12243844...,1,Gastroenterology
726,14971619...,1,Gastroenterology
727,5129636...,1,Gastroenterology
728,4293972...,1,Gastroenterology
729,14253462...,7,Endocrinology
730,5100740...,1,Gastroenterology
731,10939081...,12,Otolaryngology
732,821437...,12,Otolaryngology
733,9863366...,1,Gastroenterology
734,2127408...,12,Otolaryngology
735,5764943...,12,Otolaryngology
736,3862001...,7,Endocrinology
737,1132203...,1,Gastroenterology
738,10177591...,7,Endocrinology
739,5928366...,12,Otolaryngology
740,12926218...,12,Otolaryngology
741,8013652...,7,Endocrinology
742,155422...,1,Gastroenterology
743,4274909...,12,Otolaryngology
744,2902979...,12,Otolaryngology
745,6969881...,14,Gynecology
746,8737440...,12,Otolaryngology
747,14248932...,1,Gastroenterology
748,12680878...,12,Otolaryngology
749,12120299...,7,Endocrinology
750,567998...,12,Otolaryngology
751,3114953...,5,Orthopedics
752,3232924...,1,Gastroenterology
753,2600630...,12,Otolaryngology
754,15169506...,5,Orthopedics
755,629820...,1,Gastroenterology
756,10229551...,1,Gastroenterology
757,2048931...,1,Gastroenterology
758,7389539...,12,Otolaryngology
759,5823422...,1,Gastroenterology
760,7219210...,1,Gastroenterology
761,2540183...,5,Orthopedics
762,10568863...,1,Gastroenterology
763,8344016...,1,Gastroenterology
764,4597390...,12,Otolaryngology
765,11848377...,1,Gastroenterology
766,2791548...,1,Gastroenterology
767,8964571...,12,Otolaryngology
768,14972317...,1,Gastroenterology
769,4502603...,12,Otolaryngology
770,6935223...,14,Gynecology
771,751175...,1,Gastroenterology
772,12964829...,1,Gastroenterology
773,4725283...,1,Gastroenterology
774,6328623...,5,Orthopedics
775,992004...,7,Endocrinology
776,409864...,1,Gastroenterology
777,6522050...,12,Otolaryngology
778,14554428...,12,Otolaryngology
779,4762263...,1,Gastroenterology
780,8357404...,12,Otolaryngology
781,13206817...,12,Otolaryngology
782,1567158...,1,Gastroenterology
783,257764...,1,Gastroenterology
784,14314260...,7,Endocrinology
785,2502863...,5,Orthopedics
786,9896581...,5,Orthopedics
787,12443514...,5,Orthopedics
788,1214905...,1,Gastroenterology
789,13876521...,1,Gastroenterology
790,6231164...,1,Gastroenterology
791,9496960...,12,Otolaryngology
792,4895896...,1,Gastroenterology
793,2393313...,1,Gastroenterology
794,2030231...,1,Gastroenterology
795,7727593...,7,Endocrinology
796,14467498...,12,Otolaryngology
797,6403901...,1,Gastroenterology
798,11808589...,7,Endocrinology
799,5978437...,12,Otolaryngology
800,5123539...,1,Gastroenterology
801,7919444...,5,Orthopedics
802,4694937...,1,Gastroenterology
803,9814590...,7,Endocrinology
804,8219930...,16,Rheumatology
805,7122082...,1,Gastroenterology
806,417742...,1,Gastroenterology
807,11892991...,1,Gastroenterology
808,4391588...,12,Otolaryngology
809,11336891...,12,Otolaryngology
810,16127855...,5,Orthopedics
811,11331615...,1,Gastroenterology
812,738241...,14,Gynecology
813,11114142...,7,Endocrinology
814,4221345...,12,Otolaryngology
815,12763188...,1,Gastroenterology
816,2287316...,1,Gastroenterology
817,4358816...,1,Gastroenterology
818,2199193...,1,Gastroenterology
819,3196718...,12,Otolaryngology
820,12683925...,1,Gastroenterology
821,11101975...,7,Endocrinology
822,13458784...,5,Orthopedics
823,554890...,1,Gastroenterology
824,2840149...,1,Gastroenterology
825,11467211...,1,Gastroenterology
826,5184275...,12,Otolaryngology
827,10757088...,12,Otolaryngology
828,5924705...,12,Otolaryngology
829,1340525...,5,Orthopedics
830,7325155...,12,Otolaryngology
831,7200264...,1,Gastroenterology
832,14631046...,1,Gastroenterology
833,648464...,1,Gastroenterology
834,6032601...,12,Otolaryngology
835,1454752...,1,Gastroenterology
836,3866724...,1,Gastroenterology
837,5320922...,1,Gastroenterology
838,1421459...,1,Gastroenterology
839,7889854...,5,Orthopedics
840,6697251...,12,Otolaryngology
841,901919...,1,Gastroenterology
842,7657941...,12,Otolaryngology
843,2884895...,1,Gastroenterology
844,4146019...,7,Endocrinology
845,13077767...,1,Gastroenterology
846,8817541...,14,Gynecology
847,7234716...,1,Gastroenterology
848,1100178...,12,Otolaryngology
849,7853680...,12,Otolaryngology
850,11161103...,17,Immunology
851,1653754...,1,Gastroenterology
852,6105395...,12,Otolaryngology
853,9319380...,12,Otolaryngology
854,4823680...,12,Otolaryngology
855,1222825...,1,Gastroenterology
856,9568376...,12,Otolaryngology
857,3896374...,1,Gastroenterology
858,1676042...,1,Gastroenterology
859,12161936...,7,Endocrinology
860,12172912...,1,Gastroenterology
861,1845116...,1,Gastroenterology
862,2132859...,1,Gastroenterology
863,11579147...,1,Gastroenterology
864,10397379...,7,Endocrinology
865,15223164...,1,Gastroenterology
866,12726077...,1,Gastroenterology
867,5449959...,1,Gastroenterology
868,13762543...,12,Otolaryngology
869,1941574...,1,Gastroenterology
870,1845691...,14,Gynecology
871,14898118...,1,Gastroenterology
872,3807548...,5,Orthopedics
873,3807116...,1,Gastroenterology
874,14306637...,7,Endocrinology
875,1316993...,1,Gastroenterology
876,5647782...,1,Gastroenterology
877,5887917...,12,Otolaryngology
878,15686354...,5,Orthopedics
879,11626350...,1,Gastroenterology
880,7502561...,12,Otolaryngology
881,9586608...,12,Otolaryngology
882,12094514...,7,Endocrinology
883,4490580...,12,Otolaryngology
884,4757129...,12,Otolaryngology
885,10513348...,12,Otolaryngology
886,1106117...,1,Gastroenterology
887,8592488...,12,Otolaryngology
888,2215948...,5,Orthopedics
889,12100964...,1,Gastroenterology
890,5540138...,12,Otolaryngology
891,615323...,1,Gastroenterology
892,14017370...,7,Endocrinology
893,11055247...,7,Endocrinology
894,13761079...,7,Endocrinology
895,7870092...,12,Otolaryngology
896,782506...,1,Gastroenterology
897,1001051...,1,Gastroenterology
898,13346554...,5,Orthopedics
899,11663152...,1,Gastroenterology
900,6124036...,1,Gastroenterology
901,9801304...,0,Respiration
902,3474811...,1,Gastroenterology
903,6067347...,12,Otolaryngology
904,6282123...,1,Gastroenterology
905,7065287...,12,Otolaryngology
906,8812003...,7,Endocrinology
907,11962544...,1,Gastroenterology
908,6681485...,12,Otolaryngology
909,313477...,1,Gastroenterology
910,1627938...,1,Gastroenterology
911,12926164...,5,Orthopedics
912,4529279...,12,Otolaryngology
913,7741408...,12,Otolaryngology
914,2531766...,12,Otolaryngology
915,9041549...,12,Otolaryngology
916,11597459...,12,Otolaryngology
917,12753392...,1,Gastroenterology
918,5093765...,12,Otolaryngology
919,11059168...,7,Endocrinology
920,3230284...,1,Gastroenterology
921,10556888...,12,Otolaryngology
922,2312072...,1,Gastroenterology
923,5723971...,12,Otolaryngology
924,1734949...,1,Gastroenterology
925,15573744...,1,Gastroenterology
926,5922974...,1,Gastroenterology
927,8407003...,12,Otolaryngology
928,5328617...,12,Otolaryngology
929,1198727...,1,Gastroenterology
930,14701182...,1,Gastroenterology
931,7154680...,12,Otolaryngology
932,3194441...,1,Gastroenterology
933,8854612...,7,Endocrinology
934,3037445...,5,Orthopedics
935,3051853...,4,Dermatology
936,15918355...,5,Orthopedics
937,13829186...,1,Gastroenterology
938,6643613...,5,Orthopedics
939,930655...,12,Otolaryngology
940,2451072...,7,Endocrinology
941,15206936...,1,Gastroenterology
942,7199977...,1,Gastroenterology
943,9912255...,5,Orthopedics
944,4109384...,5,Orthopedics
945,15416424...,5,Orthopedics
946,7576974...,5,Orthopedics
947,2397006...,1,Gastroenterology
948,2944681...,1,Gastroenterology
949,10591519...,12,Otolaryngology
950,15398797...,1,Gastroenterology
951,6279272...,1,Gastroenterology
952,4523376...,12,Otolaryngology
953,7522523...,7,Endocrinology
954,5856584...,14,Gynecology
955,12570730...,12,Otolaryngology
956,11008157...,12,Otolaryngology
957,8044893...,16,Rheumatology
958,3381675...,1,Gastroenterology
959,6070445...,12,Otolaryngology
960,14199104...,1,Gastroenterology
961,5964020...,12,Otolaryngology
962,14876776...,1,Gastroenterology
963,8466763...,5,Orthopedics
964,5857083...,12,Otolaryngology
965,12403706...,7,Endocrinology
966,6963895...,5,Orthopedics
967,1553957...,1,Gastroenterology
968,3077721...,1,Gastroenterology
969,12663738...,1,Gastroenterology
970,14410296...,1,Gastroenterology
971,6505921...,1,Gastroenterology
972,11700078...,7,Endocrinology
973,12161549...,1,Gastroenterology
974,6290738...,1,Gastroenterology
975,61647...,1,Gastroenterology
976,3873359...,12,Otolaryngology
977,14722947...,1,Gastroenterology
978,1235380...,1,Gastroenterology
979,1952249...,1,Gastroenterology
980,8953824...,1,Gastroenterology
981,79287...,1,Gastroenterology
982,7458759...,12,Otolaryngology
983,5965419...,12,Otolaryngology
984,7272720...,7,Endocrinology
985,5748165...,12,Otolaryngology
986,7581977...,12,Otolaryngology
987,2776642...,1,Gastroenterology
988,486317...,1,Gastroenterology
989,621430...,1,Gastroenterology
990,9320733...,1,Gastroenterology
991,13617945...,12,Otolaryngology
992,7607208...,12,Otolaryngology
993,865525...,12,Otolaryngology
994,13891250...,12,Otolaryngology
995,10422180...,1,Gastroenterology
996,5350733...,1,Gastroenterology
997,12457666...,1,Gastroenterology
998,395410...,1,Gastroenterology
999,2947647...,1,Gastroenterology
1000,17865...,12,Otolaryngology
1001,2659759...,16,Rheumatology
1002,10837947...,5,Orthopedics
1003,1761874...,1,Gastroenterology
1004,11639846...,1,Gastroenterology
1005,13158439...,7,Endocrinology
1006,7187976...,1,Gastroenterology
1007,12353341...,1,Gastroenterology
1008,6424656...,1,Gastroenterology
1009,851388...,12,Otolaryngology
1010,3351691...,16,Rheumatology
1011,7027088...,12,Otolaryngology
1012,4703521...,1,Gastroenterology
1013,9203929...,1,Gastroenterology
1014,6545227...,12,Otolaryngology
1015,4721523...,1,Gastroenterology
1016,7090011...,1,Gastroenterology
1017,3680748...,1,Gastroenterology
1018,11275323...,7,Endocrinology
1019,4198003...,12,Otolaryngology
1020,4588681...,12,Otolaryngology
1021,4179346...,12,Otolaryngology
1022,10694517...,12,Otolaryngology
1023,9082264...,12,Otolaryngology
1024,7837596...,12,Otolaryngology
1025,10230240...,1,Gastroenterology
1026,8964334...,12,Otolaryngology
1027,1798125...,7,Endocrinology
1028,1660592...,7,Endocrinology
1029,650277...,12,Otolaryngology
1030,563207...,12,Otolaryngology
1031,11224895...,12,Otolaryngology
1032,1777860...,1,Gastroenterology
1033,2080186...,1,Gastroenterology
1034,15053738...,1,Gastroenterology
1035,10094405...,7,Endocrinology
1036,7482995...,12,Otolaryngology
1037,14818912...,1,Gastroenterology
1038,11632592...,1,Gastroenterology
1039,11589185...,5,Orthopedics
1040,7200632...,1,Gastroenterology
1041,11080363...,12,Otolaryngology
1042,8278507...,5,Orthopedics
1043,1008418...,7,Endocrinology
1044,14920243...,1,Gastroenterology
1045,8844215...,7,Endocrinology
1046,5433767...,1,Gastroenterology
1047,4375101...,12,Otolaryngology
1048,343972...,1,Gastroenterology
1049,6576736...,5,Orthopedics
1050,5504458...,12,Otolaryngology
1051,4872665...,12,Otolaryngology
1052,3529517...,1,Gastroenterology
1053,2489922...,1,Gastroenterology
1054,2876480...,4,Dermatology
1055,3730244...,1,Gastroenterology
1056,14950202...,7,Endocrinology
1057,10253481...,1,Gastroenterology
1058,973231...,1,Gastroenterology
1059,2207359...,12,Otolaryngology
1060,9286046...,1,Gastroenterology
1061,2751906...,17,Immunology
1062,3394992...,1,Gastroenterology
1063,2162528...,12,Otolaryngology
1064,3780487...,1,Gastroenterology
1065,6681586...,12,Otolaryngology
1066,4702616...,1,Gastroenterology
1067,12075467...,7,Endocrinology
1068,3248330...,12,Otolaryngology
1069,4567337...,1,Gastroenterology
1070,5238800...,12,Otolaryngology
1071,11664564...,1,Gastroenterology
1072,13800852...,7,Endocrinology
1073,4486068...,12,Otolaryngology
1074,4808704...,5,Orthopedics
1075,1961950...,5,Orthopedics
1076,9166943...,1,Gastroenterology
1077,2149957...,1,Gastroenterology
1078,4872484...,5,Orthopedics
1079,10805951...,1,Gastroenterology
1080,9461329...,1,Gastroenterology
1081,2412017...,1,Gastroenterology
1082,8546945...,12,Otolaryngology
1083,3093097...,12,Otolaryngology
1084,7906881...,12,Otolaryngology
1085,14212948...,1,Gastroenterology
1086,11397700...,1,Gastroenterology
1087,8516507...,12,Otolaryngology
1088,5048102...,1,Gastroenterology
1089,15731522...,7,Endocrinology
1090,13588641...,1,Gastroenterology
1091,2103247...,1,Gastroenterology
1092,8438042...,12,Otolaryngology
1093,11922301...,14,Gynecology
1094,5898818...,12,Otolaryngology
1095,13608346...,16,Rheumatology
1096,8799826...,1,Gastroenterology
1097,11037690...,12,Otolaryngology
1098,4662547...,1,Gastroenterology
1099,7600025...,4,Dermatology
1100,14978470...,1,Gastroenterology
1101,45718...,1,Gastroenterology
1102,5184888...,12,Otolaryngology
1103,233121...,14,Gynecology
1104,11452429...,7,Endocrinology
1105,15813322...,7,Endocrinology
1106,14632113...,1,Gastroenterology
1107,6502464...,1,Gastroenterology
1108,8589571...,12,Otolaryngology
1109,9794416...,1,Gastroenterology
1110,2250723...,7,Endocrinology
1111,10430131...,1,Gastroenterology
1112,1296167...,5,Orthopedics
1113,15444142...,1,Gastroenterology
1114,4267335...,16,Rheumatology
1115,12006864...,12,Otolaryngology
1116,8180271...,12,Otolaryngology
1117,3089081...,12,Otolaryngology
1118,165717...,1,Gastroenterology
1119,3494395...,16,Rheumatology
1120,9566195...,12,Otolaryngology
1121,12945079...,12,Otolaryngology
1122,5198103...,1,Gastroenterology
1123,1139126...,1,Gastroenterology
1124,2156034...,12,Otolaryngology
1125,12816856...,1,Gastroenterology
1126,4447301...,1,Gastroenterology
1127,9007719...,12,Otolaryngology
1128,4285480...,1,Gastroenterology
1129,10584658...,12,Otolaryngology
1130,4499169...,12,Otolaryngology
1131,13967644...,5,Orthopedics
1132,2181042...,12,Otolaryngology
1133,1889192...,7,Endocrinology
1134,6701012...,12,Otolaryngology
1135,489554...,1,Gastroenterology
1136,2996103...,1,Gastroenterology
1137,13833622...,1,Gastroenterology
1138,2605003...,12,Otolaryngology
1139,1403399...,12,Otolaryngology
1140,2691110...,1,Gastroenterology
1141,2503527...,12,Otolaryngology
1142,5388592...,1,Gastroenterology
1143,2508209...,12,Otolaryngology
1144,1977625...,5,Orthopedics
1145,15756857...,1,Gastroenterology
1146,11774537...,7,Endocrinology
1147,7166318...,12,Otolaryngology
1148,13556114...,7,Endocrinology
1149,10651120...,7,Endocrinology
1150,14880599...,12,Otolaryngology
1151,10618801...,1,Gastroenterology
1152,3997215...,12,Otolaryngology
1153,5639400...,1,Gastroenterology
1154,15715400...,1,Gastroenterology
1155,9505660...,12,Otolaryngology
1156,14155372...,7,Endocrinology
1157,3525260...,1,Gastroenterology
1158,14303031...,14,Gynecology
1159,4628997...,1,Gastroenterology
1160,15562293...,1,Gastroenterology
1161,3085737...,1,Gastroenterology
1162,3030732...,1,Gastroenterology
1163,6794366...,5,Orthopedics
1164,5254585...,5,Orthopedics
1165,4760875...,1,Gastroenterology
1166,4702522...,1,Gastroenterology
1167,13845801...,12,Otolaryngology
1168,16034242...,1,Gastroenterology
1169,14702272...,1,Gastroenterology
1170,3864684...,1,Gastroenterology
1171,5702962...,14,Gynecology
1172,167045...,1,Gastroenterology
1173,15049640...,1,Gastroenterology
1174,5083885...,5,Orthopedics
1175,14511377...,7,Endocrinology
1176,741483...,1,Gastroenterology
1177,4328406...,1,Gastroenterology
1178,4420326...,1,Gastroenterology
1179,2333118...,1,Gastroenterology
1180,962313...,1,Gastroenterology
1181,15111221...,1,Gastroenterology
1182,1592775...,1,Gastroenterology
1183,11570094...,5,Orthopedics
1184,13437209...,7,Endocrinology
1185,641798...,12,Otolaryngology
1186,7889957...,12,Otolaryngology
1187,3151032...,1,Gastroenterology
1188,3619574...,1,Gastroenterology
1189,2681088...,12,Otolaryngology
1190,139422...,1,Gastroenterology
1191,985692...,7,Endocrinology
1192,5251776...,1,Gastroenterology
1193,2384124...,1,Gastroenterology
1194,10527840...,12,Otolaryngology
1195,8281282...,12,Otolaryngology
1196,15024721...,1,Gastroenterology
1197,191345...,1,Gastroenterology
1198,15876345...,5,Orthopedics
1199,13743259...,7,Endocrinology
1200,927391...,14,Gynecology
1201,10863007...,5,Orthopedics
1202,2699229...,5,Orthopedics
1203,7917391...,12,Otolaryngology
1204,7835634...,16,Rheumatology
1205,1348953...,5,Orthopedics
1206,2024633...,1,Gastroenterology
1207,11946866...,1,Gastroenterology
1208,12043024...,1,Gastroenterology
1209,830499...,12,Otolaryngology
1210,10165688...,4,Dermatology
1211,13321302...,14,Gynecology
1212,14093397...,7,Endocrinology
1213,6205519...,12,Otolaryngology
1214,290915...,12,Otolaryngology
1215,9012333...,7,Endocrinology
1216,320235...,1,Gastroenterology
1217,12107162...,7,Endocrinology
1218,15409683...,16,Rheumatology
1219,3036133...,1,Gastroenterology
1220,1995511...,1,Gastroenterology
1221,1966269...,12,Otolaryngology
1222,2999264...,5,Orthopedics
1223,1439439...,12,Otolaryngology
1224,14716116...,1,Gastroenterology
1225,5044183...,1,Gastroenterology
1226,13119201...,14,Gynecology
1227,3870128...,12,Otolaryngology
1228,2101143...,1,Gastroenterology
1229,8939169...,12,Otolaryngology
1230,1425102...,1,Gastroenterology
1231,4444884...,5,Orthopedics
1232,2389759...,12,Otolaryngology
1233,2502567...,5,Orthopedics
1234,10651564...,5,Orthopedics
1235,5952466...,12,Otolaryngology
1236,3513386...,1,Gastroenterology
1237,9130386...,1,Gastroenterology
1238,5118323...,1,Gastroenterology
1239,3821963...,1,Gastroenterology
1240,1116372...,7,Endocrinology
1241,561373...,1,Gastroenterology
1242,7585093...,5,Orthopedics
1243,3650562...,1,Gastroenterology
1244,11128757...,7,Endocrinology
1245,8657229...,7,Endocrinology
1246,9349049...,1,Gastroenterology
1247,1131853...,6,Oncology
1248,5535843...,12,Otolaryngology
1249,2475031...,1,Gastroenterology
1250,3945965...,12,Otolaryngology
1251,13641174...,1,Gastroenterology
1252,15519788...,1,Gastroenterology
1253,14831997...,1,Gastroenterology
1254,2512676...,1,Gastroenterology
1255,14952306...,1,Gastroenterology
1256,4407349...,12,Otolaryngology
1257,4902530...,12,Otolaryngology
1258,13136180...,7,Endocrinology
1259,10109245...,5,Orthopedics
1260,14329635...,1,Gastroenterology
1261,6061410...,12,Otolaryngology
1262,10960721...,1,Gastroenterology
1263,15422097...,5,Orthopedics
1264,12328609...,12,Otolaryngology
1265,4505773...,1,Gastroenterology
1266,10372164...,12,Otolaryngology
1267,10388354...,5,Orthopedics
1268,4651900...,1,Gastroenterology
1269,2572351...,5,Orthopedics
1270,14743472...,1,Gastroenterology
1271,104404...,1,Gastroenterology
1272,6383107...,12,Otolaryngology
1273,11089452...,7,Endocrinology
1274,14003600...,7,Endocrinology
1275,3609698...,12,Otolaryngology
1276,9916213...,1,Gastroenterology
1277,1542237...,12,Otolaryngology
1278,8025263...,1,Gastroenterology
1279,968871...,1,Gastroenterology
1280,5026277...,1,Gastroenterology
1281,12482442...,1,Gastroenterology
1282,4296985...,12,Otolaryngology
1283,11922313...,14,Gynecology
1284,14378346...,12,Otolaryngology
1285,13231239...,7,Endocrinology
1286,11101141...,7,Endocrinology
1287,3002149...,1,Gastroenterology
1288,8262636...,16,Rheumatology
1289,11239087...,1,Gastroenterology
1290,6583879...,12,Otolaryngology
1291,2993364...,1,Gastroenterology
1292,674833...,1,Gastroenterology
1293,11379354...,5,Orthopedics
1294,1169013...,1,Gastroenterology
1295,13348808...,12,Otolaryngology
1296,11418727...,1,Gastroenterology
1297,15265906...,1,Gastroenterology
1298,2412198...,12,Otolaryngology
1299,10156623...,5,Orthopedics
1300,14957869...,12,Otolaryngology
1301,2633508...,12,Otolaryngology
1302,1242121...,1,Gastroenterology
1303,9773931...,1,Gastroenterology
1304,2286778...,12,Otolaryngology
1305,15472170...,12,Otolaryngology
1306,2382010...,7,Endocrinology
1307,12470128...,1,Gastroenterology
1308,5517768...,12,Otolaryngology
1309,13316322...,7,Endocrinology
1310,2509719...,1,Gastroenterology
1311,7781071...,12,Otolaryngology
1312,16067781...,1,Gastroenterology
1313,7852463...,5,Orthopedics
1314,3057324...,1,Gastroenterology
1315,11377703...,1,Gastroenterology
1316,5435913...,12,Otolaryngology
1317,16106039...,12,Otolaryngology
1318,11739789...,7,Endocrinology
1319,6655288...,12,Otolaryngology
1320,10339749...,5,Orthopedics
1321,606706...,12,Otolaryngology
1322,4490065...,12,Otolaryngology
1323,10735996...,1,Gastroenterology
1324,1642986...,2,Cardiology
1325,5964480...,1,Gastroenterology
1326,13226998...,12,Otolaryngology
1327,2778069...,12,Otolaryngology
1328,1515998...,12,Otolaryngology
1329,14944292...,1,Gastroenterology
1330,2618344...,12,Otolaryngology
1331,832173...,1,Gastroenterology
1332,14817259...,12,Otolaryngology
1333,10994198...,12,Otolaryngology
1334,8017367...,12,Otolaryngology
1335,4256149...,1,Gastroenterology
1336,12426233...,7,Endocrinology
1337,9864775...,1,Gastroenterology
1338,11327352...,1,Gastroenterology
1339,3725310...,1,Gastroenterology
1340,6895585...,12,Otolaryngology
1341,8103257...,12,Otolaryngology
1342,15345215...,7,Endocrinology
1343,5968159...,12,Otolaryngology
1344,4309818...,12,Otolaryngology
1345,4833534...,0,Respiration
1346,12827417...,1,Gastroenterology
1347,12975487...,1,Gastroenterology
1348,1062863...,1,Gastroenterology
1349,7586426...,12,Otolaryngology
1350,13349974...,5,Orthopedics
1351,8467508...,16,Rheumatology
1352,4141193...,1,Gastroenterology
1353,2204065...,12,Otolaryngology
1354,11679618...,1,Gastroenterology
1355,6296351...,12,Otolaryngology
1356,15238760...,1,Gastroenterology
1357,2520927...,1,Gastroenterology
1358,13860464...,5,Orthopedics
1359,5004069...,12,Otolaryngology
1360,5311474...,1,Gastroenterology
1361,11659512...,1,Gastroenterology
1362,10432046...,5,Orthopedics
1363,10054191...,7,Endocrinology
1364,10768148...,12,Otolaryngology
1365,5598854...,5,Orthopedics
1366,4329620...,1,Gastroenterology
1367,11829170...,1,Gastroenterology
1368,9841814...,1,Gastroenterology
1369,5562894...,5,Orthopedics
1370,4094091...,12,Otolaryngology
1371,11484671...,1,Gastroenterology
1372,13239134...,1,Gastroenterology
1373,5919203...,1,Gastroenterology
1374,7330205...,14,Gynecology
1375,7553443...,1,Gastroenterology
1376,4641694...,5,Orthopedics
1377,8876009...,12,Otolaryngology
1378,1735644...,1,Gastroenterology
1379,4265706...,1,Gastroenterology
1380,5290071...,12,Otolaryngology
1381,7159937...,1,Gastroenterology
1382,2093216...,1,Gastroenterology
1383,14785558...,1,Gastroenterology
1384,216790...,1,Gastroenterology
1385,12317813...,1,Gastroenterology
1386,10888563...,5,Orthopedics
1387,15274427...,1,Gastroenterology
1388,12942368...,12,Otolaryngology
1389,8918148...,12,Otolaryngology
1390,3888317...,1,Gastroenterology
1391,689412...,1,Gastroenterology
1392,1286007...,1,Gastroenterology
1393,7144671...,1,Gastroenterology
1394,13371898...,7,Endocrinology
1395,15415172...,7,Endocrinology
1396,8603098...,7,Endocrinology
1397,4123567...,1,Gastroenterology
1398,13084461...,16,Rheumatology
1399,3631957...,12,Otolaryngology
1400,5709785...,12,Otolaryngology
1401,8910383...,12,Otolaryngology
1402,7787377...,12,Otolaryngology
1403,15675165...,5,Orthopedics
1404,2191949...,1,Gastroenterology
1405,6845598...,12,Otolaryngology
1406,15253489...,5,Orthopedics
1407,7983247...,12,Otolaryngology
1408,11548392...,7,Endocrinology
1409,4607654...,1,Gastroenterology
1410,5019931...,1,Gastroenterology
1411,11680061...,1,Gastroenterology
1412,15671918...,1,Gastroenterology
1413,4724071...,1,Gastroenterology
1414,6227301...,12,Otolaryngology
1415,14897203...,1,Gastroenterology
1416,8409576...,12,Otolaryngology
1417,5840080...,12,Otolaryngology
1418,11061961...,7,Endocrinology
1419,9333791...,12,Otolaryngology
1420,672616...,1,Gastroenterology
1421,8577371...,12,Otolaryngology
1422,8990557...,12,Otolaryngology
1423,15266227...,1,Gastroenterology
1424,1190397...,1,Gastroenterology
1425,8312294...,1,Gastroenterology
1426,5325878...,12,Otolaryngology
1427,6265702...,1,Gastroenterology
1428,296573...,1,Gastroenterology
1429,757770...,1,Gastroenterology
1430,6175173...,7,Endocrinology
1431,12704917...,1,Gastroenterology
1432,1226804...,1,Gastroenterology
1433,3097634...,12,Otolaryngology
1434,5053945...,12,Otolaryngology
1435,14545505...,12,Otolaryngology
1436,10874321...,1,Gastroenterology
1437,1566203...,1,Gastroenterology
1438,449667...,1,Gastroenterology
1439,9858390...,12,Otolaryngology
1440,3289273...,7,Endocrinology
1441,457917...,12,Otolaryngology
1442,7236218...,12,Otolaryngology
1443,5204441...,1,Gastroenterology
1444,9241868...,12,Otolaryngology
1445,13069366...,16,Rheumatology
1446,10386770...,5,Orthopedics
1447,3535941...,12,Otolaryngology
1448,1137241...,12,Otolaryngology
1449,2947500...,4,Dermatology
1450,4785149...,12,Otolaryngology
1451,14389283...,12,Otolaryngology
1452,1835079...,7,Endocrinology
1453,13821996...,7,Endocrinology
1454,4301031...,12,Otolaryngology
1455,5567620...,7,Endocrinology
1456,6992309...,7,Endocrinology
1457,1478744...,1,Gastroenterology
1458,6280504...,12,Otolaryngology
1459,12833387...,1,Gastroenterology
1460,10389084...,5,Orthopedics
1461,12851457...,1,Gastroenterology
1462,3681067...,5,Orthopedics
1463,11434055...,12,Otolaryngology
1464,8519377...,12,Otolaryngology
1465,14680270...,12,Otolaryngology
1466,5915198...,12,Otolaryngology
1467,9426643...,12,Otolaryngology
1468,5044058...,12,Otolaryngology
1469,13372811...,7,Endocrinology
1470,7990627...,12,Otolaryngology
1471,3677771...,1,Gastroenterology
1472,534799...,12,Otolaryngology
1473,8076341...,12,Otolaryngology
1474,15483518...,1,Gastroenterology
1475,332003...,14,Gynecology
1476,8801489...,12,Otolaryngology
1477,12234596...,1,Gastroenterology
1478,2650026...,1,Gastroenterology
1479,2747259...,7,Endocrinology
1480,9842553...,7,Endocrinology
1481,12160907...,1,Gastroenterology
1482,15523419...,1,Gastroenterology
1483,14339772...,14,Gynecology
1484,9564188...,12,Otolaryngology
1485,10738860...,1,Gastroenterology
1486,1462950...,1,Gastroenterology
1487,4469487...,5,Orthopedics
1488,7471427...,12,Otolaryngology
1489,6653904...,5,Orthopedics
1490,7652028...,12,Otolaryngology
1491,8058789...,12,Otolaryngology
1492,1997373...,14,Gynecology
1493,14807426...,1,Gastroenterology
1494,14314525...,7,Endocrinology
1495,14403265...,12,Otolaryngology
1496,1333825...,12,Otolaryngology
1497,14502313...,1,Gastroenterology
1498,10373842...,12,Otolaryngology
1499,5459822...,1,Gastroenterology
1500,152737...,1,Gastroenterology
1501,15802226...,1,Gastroenterology
1502,11041540...,12,Otolaryngology
1503,5724988...,12,Otolaryngology
1504,14413408...,12,Otolaryngology
1505,4988053...,5,Orthopedics
1506,1036390...,14,Gynecology
1507,7376917...,12,Otolaryngology
1508,3438633...,5,Orthopedics
1509,8737628...,12,Otolaryngology
1510,13625599...,7,Endocrinology
1511,13158291...,14,Gynecology
1512,11779049...,1,Gastroenterology
1513,8408817...,12,Otolaryngology
1514,9301028...,12,Otolaryngology
1515,3115256...,12,Otolaryngology
1516,15938924...,1,Gastroenterology
1517,1561726...,1,Gastroenterology
1518,2271894...,1,Gastroenterology
1519,3550861...,1,Gastroenterology
1520,13997234...,12,Otolaryngology
1521,6946923...,1,Gastroenterology
1522,4370293...,1,Gastroenterology
1523,11037650...,7,Endocrinology
1524,2371854...,1,Gastroenterology
1525,1860335...,12,Otolaryngology
1526,6097235...,12,Otolaryngology
1527,15282605...,5,Orthopedics
1528,6952926...,1,Gastroenterology
1529,1347301...,14,Gynecology
1530,5622935...,16,Rheumatology
1531,1415431...,7,Endocrinology
1532,2105014...,7,Endocrinology
1533,2054092...,7,Endocrinology
1534,9668972...,1,Gastroenterology
1535,13124886...,1,Gastroenterology
1536,3516928...,12,Otolaryngology
1537,1552320...,1,Gastroenterology
1538,11646998...,12,Otolaryngology
1539,6834942...,12,Otolaryngology
1540,13509565...,16,Rheumatology
1541,2603717...,12,Otolaryngology
1542,6333052...,12,Otolaryngology
1543,7946656...,12,Otolaryngology
1544,4510638...,1,Gastroenterology
1545,4089774...,5,Orthopedics
1546,11433412...,1,Gastroenterology
1547,3754395...,12,Otolaryngology
1548,12960741...,1,Gastroenterology
1549,5559654...,1,Gastroenterology
1550,1931337...,1,Gastroenterology
1551,13517201...,7,Endocrinology
1552,5502078...,12,Otolaryngology
1553,12683969...,7,Endocrinology
1554,6488202...,12,Otolaryngology
1555,5140289...,12,Otolaryngology
1556,3047809...,12,Otolaryngology
1557,4029099...,12,Otolaryngology
1558,12917886...,1,Gastroenterology
1559,1956366...,12,Otolaryngology
1560,1872102...,5,Orthopedics
1561,4340853...,1,Gastroenterology
1562,4114355...,12,Otolaryngology
1563,14482905...,12,Otolaryngology
1564,5398068...,12,Otolaryngology
1565,4029246...,12,Otolaryngology
1566,11489899...,5,Orthopedics
1567,2109285...,5,Orthopedics
1568,5271032...,1,Gastroenterology
1569,3551692...,1,Gastroenterology
1570,13827590...,1,Gastroenterology
1571,3478758...,12,Otolaryngology
1572,13665298...,12,Otolaryngology
1573,2098312...,1,Gastroenterology
1574,11129306...,1,Gastroenterology
1575,15610966...,1,Gastroenterology
1576,9877109...,7,Endocrinology
1577,7910920...,12,Otolaryngology
1578,7309467...,1,Gastroenterology
1579,8538161...,12,Otolaryngology
1580,13773799...,7,Endocrinology
1581,6806306...,4,Dermatology
1582,12269403...,1,Gastroenterology
1583,1591902...,1,Gastroenterology
1584,12429001...,14,Gynecology
1585,10484154...,12,Otolaryngology
1586,2887829...,1,Gastroenterology
1587,5497948...,1,Gastroenterology
1588,12762562...,7,Endocrinology
1589,12433411...,1,Gastroenterology
1590,13279646...,5,Orthopedics
1591,10050185...,7,Endocrinology
1592,2653489...,16,Rheumatology
1593,200955...,1,Gastroenterology
1594,5385322...,7,Endocrinology
1595,14502153...,1,Gastroenterology
1596,10064940...,1,Gastroenterology
1597,4506444...,1,Gastroenterology
1598,4083126...,12,Otolaryngology
1599,984518...,1,Gastroenterology
1600,4779609...,12,Otolaryngology
1601,11662068...,7,Endocrinology
1602,7496644...,1,Gastroenterology
1603,772912...,14,Gynecology
1604,3735694...,5,Orthopedics
1605,7129763...,1,Gastroenterology
1606,6510917...,12,Otolaryngology
1607,1870259...,12,Otolaryngology
1608,8106025...,12,Otolaryngology
1609,3650403...,1,Gastroenterology
1610,10093774...,7,Endocrinology
1611,8245270...,12,Otolaryngology
1612,4290576...,12,Otolaryngology
1613,5737778...,12,Otolaryngology
1614,14312108...,7,Endocrinology
1615,12123627...,1,Gastroenterology
1616,6140804...,1,Gastroenterology
1617,3510443...,1,Gastroenterology
1618,15089250...,12,Otolaryngology
1619,2076773...,1,Gastroenterology
1620,12039250...,7,Endocrinology
1621,4032653...,5,Orthopedics
1622,1899566...,7,Endocrinology
1623,4499641...,1,Gastroenterology
1624,1055549...,1,Gastroenterology
1625,5349988...,12,Otolaryngology
1626,4724483...,1,Gastroenterology
1627,15324180...,14,Gynecology
1628,13700321...,7,Endocrinology
1629,2455497...,7,Endocrinology
1630,2359468...,12,Otolaryngology
1631,2858362...,1,Gastroenterology
1632,5814959...,12,Otolaryngology
1633,15599812...,1,Gastroenterology
1634,1902089...,7,Endocrinology
1635,9606574...,5,Orthopedics
1636,1847777...,1,Gastroenterology
1637,1607667...,1,Gastroenterology
1638,6839804...,1,Gastroenterology
1639,2049932...,1,Gastroenterology
1640,6811630...,16,Rheumatology
1641,6609550...,12,Otolaryngology
1642,184115...,14,Gynecology
1643,9396720...,1,Gastroenterology
1644,13353001...,14,Gynecology
1645,718134...,1,Gastroenterology
1646,16063955...,5,Orthopedics
1647,4222039...,1,Gastroenterology
1648,9219747...,1,Gastroenterology
1649,3448678...,1,Gastroenterology
1650,5215734...,12,Otolaryngology
1651,5853619...,12,Otolaryngology
1652,11590180...,1,Gastroenterology
1653,11770480...,1,Gastroenterology
1654,1495870...,1,Gastroenterology
1655,6924969...,12,Otolaryngology
1656,5125903...,1,Gastroenterology
1657,5254246...,1,Gastroenterology
1658,2015741...,1,Gastroenterology
1659,11686969...,1,Gastroenterology
1660,4763034...,1,Gastroenterology
1661,9085507...,1,Gastroenterology
1662,7487875...,4,Dermatology
1663,5574964...,1,Gastroenterology
1664,7569319...,12,Otolaryngology
1665,7618819...,12,Otolaryngology
1666,891761...,14,Gynecology
1667,6117351...,12,Otolaryngology
1668,6051572...,7,Endocrinology
1669,2376071...,1,Gastroenterology
1670,6561163...,1,Gastroenterology
1671,4491256...,12,Otolaryngology
1672,783611...,1,Gastroenterology
1673,582249...,1,Gastroenterology
1674,3827086...,1,Gastroenterology
1675,6811655...,5,Orthopedics
1676,4899050...,12,Otolaryngology
1677,5204615...,1,Gastroenterology
1678,2514247...,1,Gastroenterology
1679,1597381...,1,Gastroenterology
1680,1845823...,1,Gastroenterology
1681,5582595...,12,Otolaryngology
1682,13663306...,16,Rheumatology
1683,142154...,1,Gastroenterology
1684,16161957...,1,Gastroenterology
1685,14269327...,1,Gastroenterology
1686,4363501...,1,Gastroenterology
1687,4911949...,1,Gastroenterology
1688,3732542...,7,Endocrinology
1689,483261...,1,Gastroenterology
1690,4550311...,1,Gastroenterology
1691,8865039...,1,Gastroenterology
1692,13039208...,7,Endocrinology
1693,7291579...,12,Otolaryngology
1694,14526452...,7,Endocrinology
1695,7271133...,1,Gastroenterology
1696,7633609...,12,Otolaryngology
1697,2851623...,1,Gastroenterology
1698,418027...,1,Gastroenterology
1699,11617312...,14,Gynecology
1700,7306893...,1,Gastroenterology
1701,12272182...,1,Gastroenterology
1702,4287084...,5,Orthopedics
1703,9091301...,1,Gastroenterology
1704,14823290...,1,Gastroenterology
1705,4409965...,12,Otolaryngology
1706,6505333...,5,Orthopedics
1707,223289...,12,Otolaryngology
1708,3804482...,1,Gastroenterology
1709,4142328...,12,Otolaryngology
1710,6933606...,1,Gastroenterology
1711,3407876...,12,Otolaryngology
1712,1235801...,1,Gastroenterology
1713,6494816...,1,Gastroenterology
1714,10033926...,7,Endocrinology
1715,14786628...,1,Gastroenterology
1716,1851198...,14,Gynecology
1717,2878703...,1,Gastroenterology
1718,12329291...,1,Gastroenterology
1719,9342829...,12,Otolaryngology
1720,6237113...,7,Endocrinology
1721,13083686...,1,Gastroenterology
1722,13309494...,4,Dermatology
1723,13359542...,7,Endocrinology
1724,4893437...,12,Otolaryngology
1725,39631...,1,Gastroenterology
1726,2300098...,7,Endocrinology
1727,4896340...,12,Otolaryngology
1728,1105788...,12,Otolaryngology
1729,3653642...,1,Gastroenterology
1730,7567783...,1,Gastroenterology
1731,7689468...,12,Otolaryngology
1732,1842027...,1,Gastroenterology
1733,9678308...,12,Otolaryngology
1734,3308579...,7,Endocrinology
1735,3275472...,1,Gastroenterology
1736,3180221...,1,Gastroenterology
1737,1813804...,12,Otolaryngology
1738,5163493...,16,Rheumatology
1739,14630295...,14,Gynecology
1740,13014049...,1,Gastroenterology
1741,9273914...,1,Gastroenterology
1742,11652858...,5,Orthopedics
1743,4460413...,1,Gastroenterology
1744,3061513...,1,Gastroenterology
1745,5640923...,1,Gastroenterology
1746,14076563...,7,Endocrinology
1747,10625968...,5,Orthopedics
1748,10117195...,7,Endocrinology
1749,15087675...,4,Dermatology
1750,6122883...,1,Gastroenterology
1751,2980055...,12,Otolaryngology
1752,2861091...,1,Gastroenterology
1753,558823...,1,Gastroenterology
1754,3833633...,1,Gastroenterology
1755,4059806...,12,Otolaryngology
1756,9350987...,12,Otolaryngology
1757,9581209...,12,Otolaryngology
1758,3544875...,1,Gastroenterology
1759,2053030...,1,Gastroenterology
1760,2580264...,5,Orthopedics
1761,1284177...,1,Gastroenterology
1762,5530823...,1,Gastroenterology
1763,12629065...,12,Otolaryngology
1764,13579718...,12,Otolaryngology
1765,909432...,1,Gastroenterology
1766,510684...,1,Gastroenterology
1767,5590482...,1,Gastroenterology
1768,7418770...,1,Gastroenterology
1769,2640762...,4,Dermatology
1770,8908396...,12,Otolaryngology
1771,16057152...,1,Gastroenterology
1772,1731182...,1,Gastroenterology
1773,9985208...,5,Orthopedics
1774,15145198...,12,Otolaryngology
1775,735852...,12,Otolaryngology
1776,6549282...,12,Otolaryngology
1777,13335602...,7,Endocrinology
1778,1835334...,7,Endocrinology
1779,533552...,12,Otolaryngology
1780,749489...,1,Gastroenterology
1781,6185567...,1,Gastroenterology
1782,3493182...,14,Gynecology
1783,6279159...,12,Otolaryngology
1784,11244683...,1,Gastroenterology
1785,2012790...,1,Gastroenterology
1786,2449779...,12,Otolaryngology
1787,10142779...,7,Endocrinology
1788,611233...,12,Otolaryngology
1789,2604903...,12,Otolaryngology
1790,1596973...,5,Orthopedics
1791,9808633...,4,Dermatology
1792,1759990...,12,Otolaryngology
1793,2417819...,1,Gastroenterology
1794,9497122...,12,Otolaryngology
1795,6207569...,12,Otolaryngology
1796,15257363...,1,Gastroenterology
1797,5235828...,12,Otolaryngology
1798,4529482...,1,Gastroenterology
1799,821009...,7,Endocrinology
1800,14776047...,1,Gastroenterology
1801,4602713...,1,Gastroenterology
1802,14512352...,1,Gastroenterology
1803,666737...,5,Orthopedics
1804,4294608...,12,Otolaryngology
1805,423828...,12,Otolaryngology
1806,4102863...,16,Rheumatology
1807,6097414...,12,Otolaryngology
1808,4934530...,1,Gastroenterology
1809,1095405...,9,Hepatology
1810,219465...,4,Dermatology
1811,10711803...,1,Gastroenterology
1812,4803450...,12,Otolaryngology
1813,1031561...,7,Endocrinology
1814,3082206...,1,Gastroenterology
1815,11349027...,1,Gastroenterology
1816,3905259...,12,Otolaryngology
1817,11619730...,1,Gastroenterology
1818,1899776...,1,Gastroenterology
1819,1710190...,12,Otolaryngology
1820,15150804...,5,Orthopedics
1821,3048104...,1,Gastroenterology
1822,11633044...,1,Gastroenterology
1823,1325159...,1,Gastroenterology
1824,470614...,1,Gastroenterology
1825,2358535...,1,Gastroenterology
1826,4152824...,1,Gastroenterology
1827,6351120...,12,Otolaryngology
1828,3911601...,12,Otolaryngology
1829,3327126...,1,Gastroenterology
1830,8390998...,12,Otolaryngology
1831,3531771...,1,Gastroenterology
1832,830398...,12,Otolaryngology
1833,5196352...,1,Gastroenterology
1834,13711667...,7,Endocrinology
1835,7176301...,12,Otolaryngology
1836,6435239...,12,Otolaryngology
1837,1027122...,1,Gastroenterology
1838,13269617...,7,Endocrinology
1839,1426196...,1,Gastroenterology
1840,2409433...,14,Gynecology
1841,3810643...,14,Gynecology
1842,10011604...,7,Endocrinology
1843,2549220...,16,Rheumatology
1844,5836323...,14,Gynecology
1845,1913277...,7,Endocrinology
1846,12811360...,1,Gastroenterology
1847,7520838...,1,Gastroenterology
1848,12296401...,1,Gastroenterology
1849,5627573...,7,Endocrinology
1850,4541917...,12,Otolaryngology
1851,5251468...,12,Otolaryngology
1852,6540991...,12,Otolaryngology
1853,2124489...,1,Gastroenterology
1854,6306983...,12,Otolaryngology
1855,2540037...,7,Endocrinology
1856,14082084...,7,Endocrinology
1857,3498133...,14,Gynecology
1858,1280925...,1,Gastroenterology
1859,3341312...,1,Gastroenterology
1860,2933473...,1,Gastroenterology
1861,6839388...,12,Otolaryngology
1862,1593277...,1,Gastroenterology
1863,3047620...,1,Gastroenterology
1864,11564769...,12,Otolaryngology
1865,12735545...,7,Endocrinology
1866,8348341...,12,Otolaryngology
1867,7073638...,5,Orthopedics
1868,97718...,1,Gastroenterology
1869,14602261...,14,Gynecology
1870,7257291...,14,Gynecology
1871,5837079...,12,Otolaryngology
1872,15426124...,5,Orthopedics
1873,10765539...,7,Endocrinology
1874,12988051...,12,Otolaryngology
1875,14438929...,12,Otolaryngology
1876,12504728...,1,Gastroenterology
1877,809766...,16,Rheumatology
1878,2189573...,16,Rheumatology
1879,12079073...,7,Endocrinology
1880,1881321...,14,Gynecology
1881,7478195...,12,Otolaryngology
1882,2548007...,12,Otolaryngology
1883,2674038...,5,Orthopedics
1884,4346558...,1,Gastroenterology
1885,9573086...,4,Dermatology
1886,8573056...,12,Otolaryngology
1887,5005471...,12,Otolaryngology
1888,2164054...,12,Otolaryngology
1889,13478640...,12,Otolaryngology
1890,10141917...,12,Otolaryngology
1891,4270661...,1,Gastroenterology
1892,10732692...,1,Gastroenterology
1893,645246...,1,Gastroenterology
1894,12307978...,12,Otolaryngology
1895,6286666...,12,Otolaryngology
1896,232244...,1,Gastroenterology
1897,3290250...,16,Rheumatology
1898,5114048...,1,Gastroenterology
1899,7742297...,1,Gastroenterology
1900,8990177...,12,Otolaryngology
1901,571600...,1,Gastroenterology
1902,1348057...,12,Otolaryngology
1903,1887283...,12,Otolaryngology
1904,1536889...,12,Otolaryngology
1905,9166070...,1,Gastroenterology
1906,11310197...,1,Gastroenterology
1907,5795375...,12,Otolaryngology
1908,6129942...,12,Otolaryngology
1909,529254...,1,Gastroenterology
1910,788524...,1,Gastroenterology
1911,14434587...,1,Gastroenterology
1912,1105965...,1,Gastroenterology
1913,2190144...,1,Gastroenterology
1914,15497351...,5,Orthopedics
1915,10357480...,7,Endocrinology
1916,10113695...,5,Orthopedics
1917,6870570...,12,Otolaryngology
1918,7758831...,12,Otolaryngology
1919,457392...,1,Gastroenterology
1920,15642842...,1,Gastroenterology
1921,11627261...,1,Gastroenterology
1922,2242587...,1,Gastroenterology
1923,13291787...,12,Otolaryngology
1924,10645528...,5,Orthopedics
1925,3593856...,12,Otolaryngology
1926,122656...,1,Gastroenterology
1927,1372725...,7,Endocrinology
1928,2992510...,5,Orthopedics
1929,1297814...,1,Gastroenterology
1930,4530037...,12,Otolaryngology
1931,12373533...,1,Gastroenterology
1932,2750434...,5,Orthopedics
1933,3801330...,1,Gastroenterology
1934,4437677...,1,Gastroenterology
1935,12980481...,1,Gastroenterology
1936,1424746...,1,Gastroenterology
1937,2154311...,1,Gastroenterology
1938,6861688...,5,Orthopedics
1939,239794...,1,Gastroenterology
1940,8301767...,5,Orthopedics
1941,10692391...,7,Endocrinology
1942,12504019...,12,Otolaryngology
1943,14201259...,7,Endocrinology
1944,978423...,7,Endocrinology
1945,10039602...,7,Endocrinology
1946,5565851...,12,Otolaryngology
1947,7175217...,1,Gastroenterology
1948,10142662...,7,Endocrinology
1949,3566053...,1,Gastroenterology
1950,1850152...,1,Gastroenterology
1951,8660935...,16,Rheumatology
1952,14902994...,1,Gastroenterology
1953,8984563...,16,Rheumatology
1954,11572001...,7,Endocrinology
1955,13037929...,7,Endocrinology
1956,297221...,1,Gastroenterology
1957,1257205...,12,Otolaryngology
1958,2177823...,12,Otolaryngology
1959,15773602...,14,Gynecology
1960,2329136...,1,Gastroenterology
1961,2899176...,1,Gastroenterology
1962,8784806...,16,Rheumatology
1963,13462616...,1,Gastroenterology
1964,9320973...,14,Gynecology
1965,2351554...,12,Otolaryngology
1966,678218...,12,Otolaryngology
1967,4571715...,12,Otolaryngology
1968,9110256...,1,Gastroenterology
1969,13622695...,16,Rheumatology
1970,261312...,14,Gynecology
1971,15235904...,1,Gastroenterology
1972,6010624...,1,Gastroenterology
1973,6326357...,12,Otolaryngology
1974,853659...,12,Otolaryngology
1975,2598184...,1,Gastroenterology
1976,5092145...,12,Otolaryngology
1977,6235263...,7,Endocrinology
1978,2373245...,12,Otolaryngology
1979,13052639...,1,Gastroenterology
1980,10658824...,1,Gastroenterology
1981,4019501...,12,Otolaryngology
1982,15269065...,1,Gastroenterology
1983,5979410...,12,Otolaryngology
1984,3717076...,1,Gastroenterology
1985,5577082...,12,Otolaryngology
1986,7751452...,7,Endocrinology
1987,2425204...,5,Orthopedics
1988,5436273...,7,Endocrinology
1989,16058965...,1,Gastroenterology
1990,13185551...,1,Gastroenterology
1991,32707...,1,Gastroenterology
1992,15640473...,1,Gastroenterology
1993,6234214...,7,Endocrinology
1994,2917269...,12,Otolaryngology
1995,185680...,1,Gastroenterology
1996,2289893...,1,Gastroenterology
1997,1438340...,14,Gynecology
1998,8434419...,12,Otolaryngology
1999,4741435...,1,Gastroenterology
